,Apps,Accept,Enroll,Top10perc,Top25perc,F.Undergrad,P.Undergrad,Outstate,Room.Board,Books,Personal,PhD,Terminal,S.F.Ratio,perc.alumni,Expend,Grad.Rate,Private
Amherst College,4302,992,418,83,96,1593,5,19760,5300,660,1598,93,98,8.4,63,21424,100,1
University of Utah,5095,4491,2400,27,53,13894,8374,6857,3975,858,3093,89,93,12.8,9,9275,37,0
Calvin College,1784,1512,913,29,56,3401,136,10230,3710,400,1210,75,81,14.8,41,7786,81,1
Centenary College,369,312,90,12,46,396,526,11400,5400,500,760,41,85,9.5,20,9583,24,1
College of Mount St. Joseph,798,620,238,14,41,1165,1232,9800,4430,400,1150,46,46,11.1,35,6889,100,1
Eastern Mennonite College,486,440,227,19,48,903,59,9650,3800,600,1300,46,65,11.4,29,10188,82,1
Grand Valley State University,5165,3887,1561,20,60,8234,2619,6108,3800,500,1000,64,66,20.6,9,5063,57,0
Illinois State University,8681,6695,2408,10,35,15701,1823,7799,3403,537,2605,77,84,21.0,16,5569,54,0
Saint Francis College,1046,824,284,21,45,1223,451,10880,5050,400,1235,64,64,19.3,24,7344,69,1
Bradford College,443,330,151,5,36,453,42,14080,6270,500,900,57,80,10.2,21,15387,46,1
Drew University,2153,1580,321,56,84,1192,87,18432,5616,520,660,93,97,10.2,28,14907,83,1
Green Mountain College,780,628,198,7,20,545,42,11750,2700,400,850,77,83,14.0,24,6475,76,1
Furman University,2161,1951,685,56,82,2371,175,13440,4048,600,1250,92,95,13.5,28,12940,82,1
Christian Brothers University,880,520,224,16,42,1068,364,9300,3260,600,900,81,81,11.1,24,8129,63,1
University of Mississippi,3844,3383,1669,26,47,7524,804,4916,3810,600,550,81,86,20.3,14,6971,53,0
Saint Louis University,3294,2855,956,44,67,4576,1140,11690,4730,800,6800,84,94,4.6,19,18367,67,1
Elmira College,1457,1045,345,27,50,1109,502,14990,4980,450,550,77,98,21.5,21,7502,64,1
Elon College,3624,2786,858,11,39,2933,334,9100,3883,490,1777,70,74,18.9,34,6329,63,1
University of Connecticut at Storrs,9735,7187,2064,23,63,12478,1660,11656,5072,700,2300,89,95,16.0,16,10178,71,0
Albright College,1038,839,227,30,63,973,306,15595,4400,300,500,79,84,11.3,23,11644,80,1
Presbyterian College,1082,832,302,34,63,1133,30,11859,3635,554,1429,80,85,13.4,42,8354,85,1
Saint Cloud State University,3971,3306,1921,10,34,11493,2206,4259,2625,350,1884,70,75,18.9,10,4629,58,0
Westminster College,996,866,377,29,58,1411,72,12065,3615,430,685,62,78,12.5,41,8596,80,1
Geneva College,668,534,237,19,39,1306,258,9476,4820,500,1100,67,67,20.1,26,6786,74,1
Oklahoma Baptist University,758,681,484,35,59,1707,705,5390,3140,515,1290,63,71,15.1,18,5511,50,1
Washington and Jefferson College,1305,1100,334,42,64,1098,151,16260,4005,300,500,91,91,12.1,40,10162,86,1
Carleton College,2694,1579,489,75,93,1870,12,19292,3957,550,550,81,93,10.4,60,17960,91,1
Wilson College,167,130,46,16,50,199,676,11428,5084,450,475,67,76,8.3,43,10291,67,1
Wittenberg University,1979,1739,575,42,68,1980,144,15948,4404,400,800,82,95,12.8,29,10414,78,1
Fresno Pacific College,346,274,146,51,87,704,63,9900,3670,630,1818,59,59,10.5,14,8095,54,1
East Carolina University,9274,6362,2435,14,44,13171,1687,7248,3240,500,1700,74,78,13.2,18,9002,58,0
Bethune Cookman College,1646,1150,542,12,30,2128,82,5188,3396,650,2500,48,48,13.8,9,6817,58,1
Clarkson University,2174,1953,557,35,68,2332,53,15960,5580,700,1300,95,95,15.8,32,11659,77,1
Fort Lewis College,3440,2823,1123,16,35,3793,486,6198,3320,500,2500,89,97,19.1,6,4362,46,0
College Misericordia,1432,888,317,29,58,1121,493,10860,5760,550,900,56,62,12.9,23,8604,96,1
Mary Baldwin College,499,441,199,26,52,846,377,11200,7400,600,1300,66,79,6.8,50,10819,90,1
Rhodes College,2302,1831,391,58,82,1345,59,15200,4768,550,1500,90,96,10.8,47,13388,77,1
Point Loma Nazarene College,809,687,428,20,43,1889,217,10178,4190,800,750,71,71,16.1,19,7895,54,1
Linfield College,1561,1188,458,48,72,1548,840,13380,4210,500,900,89,91,17.8,34,8747,81,1
University of North Carolina at Greensboro,5191,4134,1500,15,44,7532,1847,8677,3505,600,1300,75,94,15.5,17,7392,53,0
Pfeiffer College,838,651,159,11,25,654,162,8640,3700,400,1915,62,62,12.2,13,7634,48,1
University of Texas at Arlington,3281,2559,1448,19,43,10975,8431,4422,2780,500,2850,73,73,21.0,4,4696,29,0
Drury College,700,650,314,33,66,1065,48,8730,3523,500,750,82,92,13.2,35,9303,67,1
National-Louis University,513,347,279,23,48,2508,505,9090,4500,650,500,62,65,18.3,2,7905,71,1
Bradley University,3767,3414,1061,30,58,4531,643,10870,4440,2000,1522,75,81,14.4,21,7671,85,1
Saint Vincent College,700,595,278,19,35,1035,182,10850,3936,500,900,62,64,12.3,31,8534,88,1
College of Saint Catherine,511,411,186,23,51,1692,562,12224,4440,450,1000,63,87,11.5,32,7315,77,1
Birmingham-Southern College,805,588,287,67,88,1376,207,11660,4325,400,900,74,79,14.0,34,8649,72,1
Widener University,2139,1492,502,24,64,2186,2171,12350,5370,500,1350,88,86,12.6,19,9603,63,1
D'Youville College,866,619,157,18,47,1074,336,8920,4310,680,1320,68,68,14.6,42,6898,46,1
Earlham College,1358,1006,274,35,63,1028,13,15036,4056,600,600,90,94,10.6,46,14634,78,1
Saint Mary-of-the-Woods College,150,130,88,23,50,341,768,10300,4130,500,1700,44,58,10.2,37,9678,75,1
Keene State College,3121,2446,822,5,19,3480,776,7870,4157,500,1150,73,73,16.1,13,6195,61,0
Marshall University,4226,3666,2007,14,60,7703,2339,5094,4010,700,1560,77,86,16.6,10,6203,50,1
Houghton College,949,786,302,30,70,1210,26,9990,3550,500,1500,85,90,15.0,24,8187,67,1
Husson College,723,652,361,10,30,951,706,7800,4000,350,1500,36,44,22.0,4,4923,84,1
Ripon College,587,501,211,28,52,735,28,15200,4100,350,650,87,90,9.4,49,12472,64,1
Schreiner College,584,413,131,19,51,521,99,8955,5900,500,1488,51,56,11.8,23,8545,52,1
Voorhees College,1465,1006,188,10,30,703,20,4450,2522,500,1200,43,43,22.9,3,5861,58,1
Louisiana College,2013,1053,212,33,61,912,158,5150,3036,500,1655,64,74,10.5,11,7547,59,1
University of San Francisco,2306,1721,538,23,48,4309,549,13226,6452,750,2450,86,86,13.6,8,10074,62,1
SUNY College at Plattsburgh,5549,3583,853,9,40,5004,475,6550,4176,600,1380,80,90,17.9,16,6174,65,0
Huntington College,450,430,125,20,46,488,43,9950,3920,300,1300,76,76,11.8,25,9466,47,1
Hastings College,817,708,262,22,52,935,37,9376,3272,500,1902,57,63,13.0,17,7335,52,1
Abilene Christian University,1660,1232,721,23,52,2885,537,7440,3300,450,2200,70,78,18.1,12,7041,60,1
Hope College,1712,1483,624,37,69,2505,208,12275,4341,465,1100,72,81,12.5,40,9284,72,1
Loyola College,4076,3137,738,25,54,3010,184,12990,6300,600,900,86,88,14.7,27,9448,80,1
Barry University,990,784,279,18,45,1811,3144,11290,5360,600,1800,76,78,12.6,11,9084,72,1
Central Washington University,2785,2011,1007,8,65,6507,898,7242,3603,654,1416,67,89,18.1,0,6413,51,0
Mount Marty College,279,276,126,17,37,600,435,6844,2980,500,500,45,55,11.7,38,5073,44,1
Augustana College,761,725,306,21,58,1337,300,10990,3244,600,1021,66,70,10.4,30,6871,69,1
Ithaca College,7259,5526,1368,23,52,5612,166,14424,6192,634,1000,58,79,11.5,25,9812,75,1
East Texas Baptist University,379,341,265,10,36,1050,151,4950,2780,530,1500,62,62,15.7,7,5619,38,1
Greenville College,510,387,194,20,46,771,53,10310,4530,400,800,57,61,14.3,16,8222,60,1
Westmont College,950,713,351,42,72,1276,9,14320,5304,490,1410,77,77,14.9,17,8837,87,0
University of Maine at Machias,441,369,172,17,45,633,317,6600,3680,600,400,46,46,15.1,4,5935,64,0
University of Vermont,7663,6008,1735,18,51,7353,1674,15516,4928,500,990,87,90,9.9,10,12646,79,0
Bluefield College,377,358,181,15,30,653,129,7150,4350,450,1500,61,67,17.8,3,6259,53,1
Virginia Wesleyan College,1470,900,287,20,49,1130,417,10900,5100,500,550,70,81,15.7,14,7804,68,1
Washington State University,6540,5839,2440,31,70,14445,1344,8200,4210,800,2719,84,87,16.9,30,10912,56,0
University of Michigan at Ann Arbor,19152,12940,4893,66,92,22045,1339,15732,4659,476,1600,90,98,11.5,26,14847,87,0
Pepperdine University,3821,2037,680,86,96,2488,625,18200,6770,500,700,95,98,11.6,13,16185,66,1
Whitman College,1861,998,359,45,77,1220,46,16670,4900,750,800,80,83,10.5,51,13198,72,1
North Central College,1127,884,308,30,64,1310,766,11718,7398,450,1800,73,87,16.4,33,8871,76,1
Lindenwood College,810,484,356,6,33,2155,191,9200,4800,1000,4200,65,85,24.1,9,3480,100,1
Georgian Court College,348,281,127,12,52,1095,785,9150,3950,500,800,56,59,12.2,27,7348,76,1
University of Central Florida,6986,2959,1918,25,60,12330,7152,6618,4234,700,1600,80,98,22.2,9,6742,46,0
Hiram College,922,729,244,37,66,1000,275,14067,4560,400,1000,75,95,10.6,34,12165,79,1
Western New England College,1650,1471,409,7,21,1803,1116,8994,5500,498,2065,74,97,15.4,15,8409,59,1
Southeast Missouri State University,2281,1870,1408,18,43,6553,1246,4680,3540,200,2150,75,76,17.1,8,5916,45,0
Northern Illinois University,10706,7219,2397,12,37,14826,1979,7799,3296,470,1750,73,78,17.3,11,6086,56,0
Oklahoma Christian University,776,765,351,22,44,1419,228,6400,3150,500,1900,58,64,16.2,8,6578,45,1
Wesley College,980,807,350,10,25,872,448,9890,4674,500,1350,52,57,14.4,15,6243,84,1
University of Alabama at Birmingham,1797,1260,938,24,35,6960,4698,4440,5175,750,2200,96,96,6.7,16,16352,33,0
Westfield State College,3100,2150,825,3,20,3234,941,5542,3788,500,1300,75,79,15.7,20,4222,65,0
Fordham University,4200,2874,942,30,55,4740,1646,14235,6965,600,1735,86,97,14.4,14,10864,80,1
Angelo State University,3540,2001,1016,24,54,4190,1512,5130,3592,500,2000,60,62,23.1,5,4010,34,0
South Dakota State University,2807,2589,1701,13,37,7000,1103,3811,2190,500,1970,62,65,15.0,29,5084,67,0
North Park College,465,361,176,19,39,879,156,12580,4345,400,970,76,79,13.1,24,10889,74,1
West Liberty State College,1164,1062,478,12,25,2138,227,4470,2890,600,1210,33,33,16.3,10,4249,60,0
Seattle University,2115,1540,494,28,72,2993,347,12825,4375,500,1500,85,85,12.2,16,10175,89,1
University of Southern Mississippi,2850,2044,1046,20,50,9260,1387,4652,2470,500,500,78,99,18.7,23,5917,45,0
University of Evansville,2096,1626,694,35,67,2551,407,11800,4340,700,960,60,81,15.8,26,7780,77,1
Dana College,504,482,185,10,36,550,84,9130,3322,450,1450,46,51,12.6,25,8686,54,1
Ohio Wesleyan University,2190,1700,458,36,65,1780,48,16732,5650,550,550,93,93,12.1,32,12011,75,1
Delta State University,967,945,459,15,48,2806,538,4528,1880,500,1200,49,63,17.1,16,5113,58,0
Our Lady of the Lake University,2308,1336,295,22,46,1202,942,8530,3644,616,1576,56,64,14.9,25,7114,37,1
SUNY College at Cortland,7888,3519,1036,6,40,5011,346,6550,4680,630,1274,82,85,17.8,17,5563,53,0
Winona State University,3325,2047,1301,20,45,5800,872,4200,2700,300,1200,53,60,20.2,18,5318,58,0
Brenau University,367,274,158,12,41,917,479,9592,5879,500,700,71,80,13.7,12,5935,49,1
Saint Joseph's College IN,920,684,225,24,42,815,222,11200,4250,600,950,55,60,14.8,19,7360,67,1
John Brown University,605,405,284,24,53,961,99,6398,3672,400,1350,68,68,13.3,19,8118,75,1
Virginia State University,2996,2440,704,2,30,3006,338,5587,4845,500,600,61,63,16.0,11,5733,31,0
Phillips University,692,576,174,19,50,597,83,10500,3860,600,940,58,64,11.6,19,8990,39,1
Tusculum College,626,372,145,12,34,983,40,7700,3400,450,800,70,70,21.9,28,4933,52,1
Judson College,313,228,137,10,30,552,67,9414,4554,500,1700,34,55,10.6,30,7840,56,1
Rutgers at New Brunswick,48094,26330,4520,36,79,21401,3712,7410,4748,690,2009,90,95,19.5,19,10474,77,0
University of Hartford,5081,4040,1194,11,26,3768,1415,14220,6000,500,1440,61,76,10.7,9,10625,66,1
University of the South,1445,966,326,46,83,1129,24,15350,4080,450,810,89,93,10.3,52,18784,82,1
Texas A&M Univ. at College Station,14474,10519,6392,49,85,31643,2798,5130,3412,600,2144,89,91,23.1,29,8471,69,0
Longwood College,2747,1870,724,12,47,2874,118,7920,3962,550,2200,74,80,18.4,23,5553,62,0
LeTourneau University,477,417,204,29,54,1532,77,8840,4240,600,1400,58,70,20.8,23,6863,56,1
SUNY College at Purchase,2119,1264,390,5,33,2478,1441,6550,4760,1125,1362,80,100,14.9,8,8170,46,0
Dillard University,1998,1376,651,41,88,1539,45,6700,3650,500,2307,52,52,14.1,12,7566,61,1
Shorter College,540,445,165,23,70,1115,111,7210,3600,500,2000,62,65,13.2,18,7356,58,1
Louisiana State University at Baton Rouge,5996,4993,3079,29,57,16269,3757,5925,2980,600,2242,83,87,15.9,11,6741,37,0
John Carroll University,2421,2109,820,27,57,3168,392,11700,5550,600,450,89,90,14.5,28,7738,89,1
Rensselaer Polytechnic Institute,4996,4165,936,53,82,4291,16,17475,5976,1230,1100,94,98,15.4,21,15605,70,1
University of Hawaii at Manoa,3580,2603,1627,36,69,11028,2411,4460,3038,687,1281,85,87,11.8,6,12833,54,0
Eastern Illinois University,5597,4253,1565,12,38,9161,845,5710,3066,120,1730,62,71,16.2,5,5682,76,0
Columbia College MO,314,158,132,10,28,690,5346,8294,3700,400,900,87,87,15.3,2,5015,37,1
California Polytechnic-San Luis,7811,3817,1650,47,73,12911,1404,7380,4877,612,2091,72,81,19.8,13,8453,59,0
Monmouth College IL,601,503,204,28,57,671,11,13000,4100,400,460,91,91,11.6,43,11087,56,1
University of New Hampshire,9750,7640,2529,24,62,10358,1338,11180,3862,650,2450,89,87,17.5,16,7855,75,0
University of Wisconsin-Whitewater,4400,3719,1472,12,38,7804,1552,6950,2500,300,1200,90,95,23.1,16,5559,67,0
New Mexico Institute of Mining and Tech.,787,601,233,40,73,1017,411,5376,3214,600,1100,99,100,13.7,11,9241,34,0
Louisiana Tech University,2397,2144,1525,22,45,6720,1822,3957,2325,618,1656,66,77,20.0,13,4546,45,0
Cazenovia College,3847,3433,527,9,35,1010,12,9384,4840,600,500,22,47,14.3,20,7697,118,1
Augsburg College,662,513,257,12,30,2074,726,11902,4372,540,950,65,65,12.8,31,7836,58,1
Marymount Manhattan College,695,535,239,21,30,988,785,10200,7000,350,1100,63,76,11.7,20,10622,68,1
Wayne State College,1373,1373,724,6,21,2754,474,2700,2660,540,1660,60,68,20.3,29,4550,52,0
Coker College,604,452,295,15,47,690,222,9888,4502,400,1000,64,77,12.1,39,8741,75,1
Winthrop University,2320,1805,769,24,61,3395,670,6400,3392,580,2150,71,80,12.8,26,6729,59,0
Savannah Coll. of Art and Design,1109,688,386,20,65,1897,208,8325,5000,1200,1600,14,98,16.1,26,6874,55,1
Michigan Technological University,2618,2288,1032,42,77,5524,414,8127,3978,900,1200,82,82,17.0,25,7473,65,0
Union College KY,484,384,177,9,45,634,78,7800,2950,500,600,60,88,14.1,9,6864,64,1
Embry Riddle Aeronautical University,3151,2584,958,14,40,4772,856,7800,3750,570,3020,37,43,16.5,4,12878,44,1
Univ. of Wisconsin at OshKosh,4800,2900,1515,14,48,7764,1472,6874,2394,518,1890,73,78,19.2,14,5901,56,0
Dowling College,1011,829,410,9,33,1059,2458,9000,3100,450,1413,77,78,12.4,7,11178,42,1
American International College,1420,1093,220,9,22,1018,287,8700,4780,450,1400,78,84,14.7,19,7355,69,1
University of Mobile,452,331,269,17,54,1417,301,6150,3680,550,1200,59,63,16.6,4,5412,52,1
Webber College,280,143,79,5,27,327,110,5590,2900,650,1952,53,63,15.1,4,4839,90,1
University of Maine at Presque Isle,461,381,235,10,40,974,503,6600,3630,400,1675,67,67,15.2,11,6408,35,0
Lake Forest College,979,638,271,31,70,968,20,16880,3970,920,1320,91,94,10.7,19,15687,77,1
Smith College,2925,1598,632,51,88,2479,95,18820,6390,500,1050,85,97,10.3,44,21199,90,1
Eastern College,458,369,165,16,42,1057,355,11190,4800,450,1230,60,60,13.6,22,8135,54,1
Case Western Reserve University,3877,3156,713,71,93,3051,513,15700,4730,525,1460,95,95,2.9,29,19733,67,1
University of Charleston,682,535,204,22,43,771,611,9500,3540,400,750,26,58,2.5,10,7683,57,1
Shippensburg University of Penn.,5818,3281,1116,14,53,5268,300,7844,3504,450,1700,80,83,18.8,13,6719,72,0
Worcester Polytechnic Institute,2768,2314,682,49,86,2802,86,15884,5370,530,730,92,94,15.2,34,10774,82,1
Lewis and Clark College,2774,2092,482,35,64,1763,59,15800,4790,450,950,97,98,12.3,21,12999,69,1
Meredith College,857,772,376,25,58,1721,470,6720,3250,450,1520,77,82,13.9,33,6881,82,1
Valley City State University,368,344,212,5,27,863,189,4286,2570,600,2000,39,41,14.9,25,4958,40,0
University of Washington,12749,7025,3343,40,81,20356,4582,8199,4218,708,2172,96,94,9.0,10,16527,65,0
Brigham Young University at Provo,7365,5402,4615,48,82,27378,1253,2340,3580,860,1220,76,76,20.5,40,7916,33,1
Syracuse University,10477,7260,2442,28,67,10142,117,15150,6870,635,960,73,84,11.3,13,14231,67,1
Evergreen State College,1801,1101,438,14,50,3065,363,6297,4600,600,1323,75,78,18.1,14,8355,68,0
Sacred Heart University,2307,1896,509,19,51,1707,1889,11070,5780,400,600,71,73,14.8,16,7120,82,1
Florida Institute of Technology,1947,1580,523,39,74,1863,233,13900,4140,750,1500,90,90,10.6,7,8923,57,1
Bellarmine College,807,707,308,39,63,1198,605,8840,2950,750,1290,74,82,13.1,31,6668,84,1
Brown University,12586,3239,1462,87,95,5643,349,19528,5926,720,1100,99,100,7.6,39,20440,97,1
Hood College,699,565,176,36,64,710,399,13960,6040,450,690,82,88,14.4,34,12434,72,1
Brewton-Parker College,1436,1228,1202,10,26,1320,822,4371,2370,500,2000,62,62,12.6,10,4900,18,1
Belmont University,1220,974,481,28,67,1964,623,7800,3664,650,900,61,61,11.1,19,7614,49,1
Kenyon College,2212,1538,408,44,75,1445,1,19240,3690,750,480,95,95,11.1,46,14067,88,1
Southern Methodist University,4301,3455,1166,41,69,4892,387,12772,5078,576,1802,74,88,13.5,17,12726,72,1
University of Maryland at College Park,14292,10315,3409,22,53,19340,3991,8723,5146,550,1550,89,92,18.1,12,9021,63,0
Flagler College,1415,714,338,18,52,1345,44,5120,3200,500,2140,52,60,18.1,9,3930,69,1
Samford University,1680,1395,691,34,76,2959,402,8236,3700,569,1650,74,75,14.7,17,9533,61,1
Barnard College,2496,1402,531,53,95,2121,69,17926,8124,600,850,83,93,10.3,33,12580,91,1
Saint Joseph's University,2519,2003,776,39,71,2473,1314,12750,6350,350,1690,84,90,17.4,13,8243,83,1
University of Notre Dame,7700,3700,1906,79,96,7671,30,16850,4400,600,1350,96,92,13.1,46,13936,97,1
Columbia College,737,614,242,21,67,968,237,10425,3975,500,1500,61,77,14.7,34,8693,76,1
Taylor University,1769,1092,437,41,80,1757,81,10965,4000,450,1250,60,61,14.2,32,8294,98,1
University of West Florida,1558,1254,472,20,57,3754,2477,6172,3994,541,1387,83,87,23.4,12,8488,53,0
Dickinson State University,434,412,319,10,30,1376,237,4486,2146,600,2000,50,64,16.5,28,4525,46,0
St. Lawrence University,2753,1820,505,31,56,1801,45,18720,5730,650,825,90,94,11.5,38,14980,85,1
Waynesburg College,1190,978,324,12,30,1280,61,8840,3620,500,1200,57,58,16.2,26,6563,63,1
Stephens College,450,405,194,17,34,614,388,13900,5200,450,2150,46,63,10.9,17,9995,59,1
University of Miami,7122,5386,1643,42,69,7760,876,16500,6526,630,1985,82,94,5.9,17,17500,59,1
Northwest Missouri State University,2729,2535,1257,8,29,4787,472,3735,3136,250,1630,62,65,21.7,23,5284,54,0
Southwestern Adventist College,321,318,172,11,27,620,280,7536,3736,430,1651,44,77,13.0,12,5309,36,1
University of North Carolina at Chapel Hill,14596,5985,3331,75,92,14609,1100,8400,4200,550,1200,88,93,8.9,23,15893,83,0
Bethel College KS,202,184,122,19,42,537,101,8540,3580,500,1400,61,80,8.8,32,8324,56,1
College of Saint Elizabeth,444,359,122,34,53,493,968,10900,5250,380,1000,68,70,11.4,23,9447,78,1
Beloit College,1320,923,284,26,54,1085,81,16304,3616,355,715,87,95,11.1,26,12957,69,1
SUNY College at Geneseo,8598,4562,1143,56,93,5060,146,6550,4170,600,650,79,84,19.1,25,5716,76,0
Texas Lutheran College,497,423,215,27,57,895,429,7850,3410,490,1700,54,58,13.8,24,7002,50,1
Coe College,1006,742,275,29,60,1127,205,13925,4390,500,2200,73,86,12.7,32,10141,67,1
Lincoln Memorial University,787,562,363,21,55,925,605,5950,2890,600,1300,67,72,14.6,35,5177,53,1
Wagner College,1416,1015,417,10,44,1324,117,13500,5800,585,1700,67,78,13.2,23,9006,75,1
Virginia Union University,1847,1610,453,19,59,1298,67,7384,3494,500,1763,51,67,13.7,8,6757,30,1
SUNY at Stony Brook,12512,6969,1724,27,66,9744,1351,6550,4712,600,1200,91,96,10.5,7,13705,57,0
Hamline University,1006,825,328,34,73,1362,102,13252,4194,450,550,89,93,13.0,33,10296,65,1
Saint Michael's College,1910,1380,463,16,64,1715,106,13030,5860,500,750,79,88,14.5,34,10190,84,1
University of Minnesota at Morris,1458,874,588,56,86,1846,154,9843,3180,600,1500,74,78,14.6,16,6716,51,0
Cumberland College,995,789,398,26,47,1306,122,6230,3526,400,600,42,44,13.0,4,8189,63,1
Texas Southern University,4345,3245,2604,15,85,5584,3101,7860,3360,600,1700,65,75,18.2,21,3605,10,0
Queens College,516,392,154,32,62,630,549,11020,4970,610,1900,73,75,14.0,36,9315,58,1
University of Richmond,5892,2718,756,46,72,2854,594,14500,3285,700,1125,75,89,11.7,32,11984,100,1
College of Saint Rose,983,664,249,23,57,1698,894,9990,5666,800,1500,66,71,14.3,28,6084,64,1
Denison University,2762,2279,533,32,60,1835,14,16900,4720,500,600,88,97,11.6,45,12423,81,1
Manhattan College,2432,1730,563,20,63,2578,254,12370,6800,500,1800,92,92,13.6,25,10062,79,1
Erskine College,659,557,167,47,74,532,35,10485,3840,475,1246,76,80,13.5,47,7527,67,1
Ohio University,11023,8298,3183,21,54,14861,1310,7629,4095,550,2300,79,87,20.4,13,8811,64,0
Georgia Institute of Technology,7837,4527,2276,89,99,8528,654,6489,4438,795,1164,92,92,19.3,33,11271,70,0
St. Martin's College,191,165,63,5,25,494,574,11550,4270,300,500,43,77,14.5,8,9209,40,1
Georgetown College,727,693,286,30,55,1063,48,8100,3950,550,550,73,76,13.3,28,7508,55,1
Immaculata College,268,253,103,16,44,494,1305,10000,5364,500,1000,56,64,11.2,33,7305,69,1
Ferrum College,1339,1107,336,12,36,1051,82,9400,4200,500,1600,53,58,12.5,9,7967,22,1
Alma College,1267,1080,385,44,73,1306,28,12572,4552,400,400,79,87,15.3,32,9305,68,1
Ohio Northern University,2936,2342,669,35,62,2502,66,15990,4080,600,825,73,78,14.5,31,9979,83,1
North Carolina A. & T. State University,4809,3089,1429,12,33,6162,871,6806,1780,600,1651,72,72,16.7,9,7090,44,0
University of Arkansas at Fayetteville,3235,3108,2133,25,65,9978,1530,5028,3300,500,2000,73,89,14.8,10,6820,39,0
University of Rochester,8766,5498,1243,56,75,5071,438,17840,6582,500,882,93,99,5.9,23,26037,80,1
Grace College and Seminary,548,428,167,18,46,618,113,8958,3670,300,1000,53,59,15.3,26,9798,64,1
Marywood College,1107,859,323,13,51,1452,402,11040,4500,600,700,65,76,11.8,30,9034,66,1
University of Oregon,8631,6732,2546,25,61,11669,1605,10602,3660,570,1530,79,87,19.7,13,8020,54,0
Freed-Hardeman University,895,548,314,20,54,1174,50,5500,3340,600,1600,68,76,16.1,13,6078,62,1
Defiance College,571,461,174,10,26,645,283,10850,3670,400,1159,58,60,12.8,19,7505,56,1
Anderson University,1216,908,423,19,40,1819,281,10100,3520,550,1100,48,61,12.1,14,7994,59,1
Knox College,1040,845,286,48,77,967,24,15747,4062,400,800,88,95,12.7,33,13224,79,1
SUNY College  at Oswego,8000,4556,1464,17,70,6943,869,6550,4810,500,1500,69,85,22.0,21,5280,63,0
Culver-Stockton College,1576,1110,274,24,55,992,112,8000,3700,400,500,51,52,14.1,28,5807,51,1
Goucher College,1151,813,248,40,64,850,80,15588,6174,500,1200,78,90,9.2,34,16623,77,1
Simpson College,1016,872,300,27,57,1116,602,11250,4980,550,1400,66,73,15.8,36,7411,70,1
Wilkes University,1631,1431,434,15,36,1803,603,11150,5130,550,1260,78,92,13.3,24,8543,67,1
Alverno College,494,313,157,23,46,1317,1235,8352,3640,650,2449,36,69,11.1,26,8127,55,1
Marietta College,1611,960,342,27,60,1089,210,13850,3920,470,810,80,97,13.2,30,10223,96,1
Buena Vista College,860,688,285,32,70,1928,442,13306,3797,450,950,62,69,8.8,10,6333,78,1
SUNY College at Potsdam,3150,2289,650,16,51,3598,234,6840,4660,500,1000,71,75,15.1,17,6436,59,0
Northwestern University,12289,5200,1902,85,98,7450,45,16404,5520,759,1585,96,100,6.8,25,26385,92,1
Albion College,1899,1720,489,37,68,1594,32,13868,4826,450,850,89,100,13.7,37,11487,73,1
Western Washington University,5548,3563,1549,30,71,8909,506,8124,4144,639,2385,83,89,22.7,10,7203,61,0
Pacific University,943,849,288,41,71,1041,35,14210,3994,450,1100,76,76,10.9,22,11216,42,1
Miami University at Oxford,9239,7788,3290,35,39,13606,807,8856,3960,500,1382,81,89,17.6,20,7846,85,0
Spalding University,283,201,97,10,45,589,263,8400,2800,600,900,50,56,10.6,40,6860,89,1
Fairfield University,4784,3346,781,30,66,2984,1037,15000,6200,700,1100,86,90,15.1,30,11220,94,1
Saint John's University,933,800,444,18,45,1691,72,12247,4081,500,600,76,85,12.0,38,9853,70,1
Randolph-Macon College,1771,1325,306,21,46,1071,27,13840,3735,400,900,77,80,10.7,38,11080,74,1
Catawba College,1083,880,291,13,34,915,80,9270,4100,600,1860,75,82,13.5,27,8425,55,1
University of California at Irvine,15698,10775,2478,85,100,12677,864,12024,5302,790,1818,96,96,16.1,11,15934,66,0
Marquette University,5152,4600,1685,36,71,7016,804,11610,4760,600,1950,86,94,13.5,25,9982,77,1
University of Delaware,14446,10516,3252,22,57,14130,4522,10220,4230,530,1300,82,87,18.3,15,10650,75,1
Texas Wesleyan University,592,501,279,19,44,1204,392,6400,3484,600,1800,80,83,14.5,10,7936,43,1
University of Kansas,8579,5561,3681,25,50,17880,1673,6994,3384,700,2681,88,94,13.7,17,9657,57,0
Trinity College CT,3058,1798,478,46,84,1737,244,18810,5690,500,680,91,96,10.4,48,18034,91,1
Doane College,793,709,244,20,47,1022,411,9570,3000,400,1000,67,72,15.1,42,6852,60,1
Tabor College,257,183,109,19,41,396,38,7850,3410,400,1500,55,70,10.0,15,7233,53,1
Gardner Webb University,1110,930,332,18,36,1603,374,8180,4270,500,500,65,58,15.2,12,5664,29,1
Alderson-Broaddus College,582,498,172,21,44,799,78,10468,3380,660,1800,40,41,11.5,15,8991,52,1
Thiel College,1154,951,253,15,31,791,140,11172,4958,700,1350,68,76,11.6,16,9186,60,1
Montana State University,3500,2836,1779,15,42,8730,993,5552,3710,550,2300,75,83,17.6,8,6324,37,0
Mount Saint Mary College,1170,695,238,14,48,1170,429,7470,4600,250,1400,74,75,15.3,23,6898,88,1
Morehouse College,3708,1678,722,41,66,2852,153,7050,5490,250,600,71,74,17.8,10,8122,83,1
Rollins College,1777,1151,382,31,55,1668,1052,16425,5220,955,750,81,85,13.3,23,11561,90,1
Converse College,440,407,149,35,70,643,80,12050,3700,500,900,63,76,10.2,31,10965,75,1
Western State College of Colorado,2702,1623,604,7,24,2315,146,5918,3755,500,2050,76,79,19.4,4,4599,52,0
Incarnate Word College,1163,927,386,16,49,1685,556,8840,4689,750,2775,67,69,11.4,21,6095,95,1
Davidson College,2373,956,452,77,96,1601,6,17295,5070,600,1011,95,97,12.0,46,17581,94,1
Dickinson College,3014,2539,487,31,68,1889,62,18700,5000,595,1250,87,94,11.2,39,13861,87,1
La Roche College,361,321,185,10,41,650,819,8842,4782,600,1100,57,73,14.2,14,7022,52,1
Creighton University,2967,2836,876,30,60,3450,644,10628,4372,650,2055,85,90,6.5,32,22906,85,1
Washington College,1209,942,214,31,60,822,46,15276,5318,500,300,79,86,11.2,37,10830,65,1
University of Cincinnati,6855,5553,2408,26,57,11036,2011,8907,4697,556,1851,89,95,10.8,6,13889,54,0
Lakeland College,497,452,231,24,47,887,1957,9400,4005,500,1000,49,65,17.2,25,4054,57,1
Wofford College,1501,935,273,51,83,1059,34,12680,4150,605,1440,91,92,15.3,42,7875,75,1
Saint Joseph's College,833,682,217,12,33,716,2196,9985,5180,500,800,53,89,27.2,8,4322,85,1
Trinity College DC,247,189,100,19,49,309,639,11412,6430,500,900,89,93,8.3,37,11806,96,1
Dordt College,604,562,328,25,50,1048,56,9800,2650,450,2800,61,60,12.5,17,7325,87,1
North Dakota State University,2968,2297,1610,13,47,7368,1128,5834,2744,600,2000,79,83,17.0,24,6310,42,0
University of Tennessee at Knoxville,7473,5372,3013,27,53,15749,3237,5764,3262,750,3300,86,92,16.5,22,8612,53,0
Bemidji State University,1208,877,546,12,36,3796,824,4425,2700,660,1800,57,62,19.6,16,3752,46,0
Niagara University,2220,1796,467,65,99,1919,334,10320,4762,450,650,68,100,14.2,20,7788,65,1
SUNY College at Fredonia,4877,2798,814,13,48,4123,298,6550,4420,620,1481,82,90,16.3,10,6442,66,0
Christopher Newport University,883,766,428,3,37,2910,1749,7860,4750,525,1889,80,82,21.2,16,4639,48,0
Mount Union College,1310,1086,458,26,61,1365,144,12250,3530,400,1150,85,87,16.7,35,7215,81,1
Iowa State University,8427,7424,3441,26,59,18676,1715,7550,3224,640,2055,81,88,19.2,22,8420,65,0
Saint Joseph College,292,241,96,20,52,543,712,12200,4600,650,950,87,90,11.2,32,8680,76,1
Monmouth College,2707,1881,478,14,34,1893,847,12480,5290,530,1740,70,85,14.2,15,9492,54,1
Otterbein College,1496,1205,428,26,57,1648,936,12888,4440,420,840,62,68,13.9,30,8802,87,1
Xavier University,1959,1805,695,24,47,2849,1107,11520,4960,600,1250,73,75,13.3,31,9189,83,1
Skidmore College,4293,2728,591,25,62,2322,263,18710,5970,500,700,87,92,12.7,29,14837,81,1
University of Wyoming,2029,1516,1073,23,46,7535,1488,5988,3422,600,1500,91,94,15.1,13,8745,45,0
Lenoir-Rhyne College,979,743,259,25,46,1188,166,10100,4000,400,1000,88,92,12.0,20,8539,66,1
Mount Holyoke College,1800,1314,526,47,79,1891,40,19300,5700,750,750,79,91,9.0,51,18359,84,1
New Jersey Institute of Technology,1879,1216,483,27,62,3311,1646,8832,5376,700,1850,92,98,13.5,19,12529,72,0
Central Connecticut State University,4158,2532,902,6,24,6394,3881,5962,4444,500,985,69,73,16.7,4,4900,49,0
Grove City College,2491,1110,573,57,88,2213,35,5224,3048,525,350,65,65,18.4,18,4957,100,1
Arkansas Tech University,1734,1729,951,12,52,3602,939,3460,2650,450,1000,57,60,19.6,5,4739,48,0
Oglethorpe University,792,649,186,56,87,769,377,12900,4340,600,4110,91,95,13.1,27,8568,67,1
Dartmouth College,8587,2273,1087,87,99,3918,32,19545,6070,550,1100,95,99,4.7,49,29619,98,1
Antioch University,713,661,252,25,44,712,23,15476,3336,400,1100,69,82,11.3,35,42926,48,1
Kansas Wesleyan University,589,575,148,16,40,474,258,8400,3250,500,1400,63,55,12.4,14,6535,68,1
Luther College,1549,1392,587,38,72,2269,85,13240,3560,600,400,73,85,13.8,38,8949,77,1
University of California at Berkeley,19873,8252,3215,95,100,19532,2061,11648,6246,636,1933,93,97,15.8,10,13919,78,0
Mississippi University for Women,480,405,380,19,46,1673,1014,4386,2217,600,1500,49,54,15.8,8,5704,63,0
St. Bonaventure University,1489,1313,375,13,45,1688,131,10456,4927,500,1050,91,91,17.7,32,9828,78,1
Saint Olaf College,2248,1673,745,38,73,2888,105,14350,3750,550,550,82,88,10.0,31,12502,83,1
Wheeling Jesuit College,903,755,213,15,49,971,305,10500,4545,600,600,66,71,14.1,27,7494,72,1
Pitzer College,1133,630,220,37,73,750,30,17688,5900,650,850,100,100,10.4,11,14820,73,1
Clinch Valley Coll. of  the Univ. of Virginia,689,561,250,15,30,1125,422,7168,3689,600,1900,67,67,18.1,9,4417,46,0
Harvey Mudd College,1377,572,178,95,100,654,5,17230,6690,700,900,100,100,8.2,46,21569,100,1
Pembroke State University,944,774,440,14,34,2174,529,6360,2760,550,1498,77,77,15.0,5,6443,48,0
University of Wisconsin-Superior,910,910,342,14,53,1434,417,7032,2780,550,1960,75,81,15.2,15,6490,36,0
Murray State University,2225,1910,1190,29,55,5968,955,4738,3110,700,940,72,76,20.2,27,5972,52,0
Hampton University,7178,3755,1433,25,63,4623,740,7161,3518,600,2000,60,64,14.0,9,6791,70,1
Concordia College at St. Paul,281,266,139,13,29,1049,181,10500,3750,450,950,69,75,12.8,18,6955,45,1
Marymount University,941,772,214,10,30,1247,776,11390,5280,500,750,77,82,10.6,17,8575,55,1
University of Massachusetts at Amherst,14438,12414,3816,12,39,16282,1940,8566,3897,500,1400,88,92,16.7,15,10276,68,0
University of Tulsa,1712,1557,696,41,68,2936,433,11750,4160,1200,2350,94,96,11.5,10,11743,47,1
Georgetown University,11115,2881,1390,71,93,5881,406,18300,7131,670,1700,91,92,7.2,27,19635,95,1
Lesley College,244,198,82,12,33,1134,336,11700,5300,550,805,71,88,27.8,18,8694,58,1
Scripps College,855,632,139,60,83,569,7,17238,7350,600,800,95,100,8.2,41,18372,73,1
Capitol College,100,90,35,10,52,282,331,8400,2812,300,2134,10,50,12.1,24,7976,52,1
University of La Verne,1597,969,226,16,38,1431,1522,13540,5050,630,2298,66,68,14.1,23,10139,47,1
East Tennessee State University,3330,2730,1303,15,36,6706,2640,5800,3000,600,2200,73,75,14.0,9,9825,42,0
Chatham College,212,197,91,28,56,471,148,13500,5230,400,850,95,98,9.3,37,16095,52,1
Hamilton College,3140,1783,454,40,82,1646,24,19700,5050,300,800,91,96,9.6,60,17761,91,1
Clark University,2887,2059,457,30,61,1928,296,17500,4200,500,950,94,95,10.5,35,11951,79,1
Barat College,261,192,111,15,36,453,266,9690,4300,500,500,57,77,9.7,35,9337,71,1
Pacific Lutheran University,1603,1392,504,31,68,2580,302,13312,4488,600,1516,78,78,11.0,23,9431,83,1
St. Mary's College of California,2643,1611,465,36,80,2615,248,13332,6354,630,1584,88,89,16.1,17,9619,78,1
St. John Fisher College,1368,1064,354,19,51,1687,677,10570,5600,400,800,86,81,14.5,29,7908,66,1
Adelphi University,2186,1924,512,16,29,2683,1227,12280,6450,750,1500,29,30,12.2,16,10527,56,1
Saint Francis College IN,213,166,85,13,36,513,247,8670,3820,450,1000,43,78,12.5,4,7440,48,1
University of Nebraska at Lincoln,6277,6003,3526,33,63,16454,3171,5595,3145,500,2070,86,92,15.1,48,6813,53,0
Central College,1283,1113,401,31,65,1355,40,10938,3660,650,600,76,90,13.5,29,8444,67,1
Millersville University of Penn.,6011,3075,960,22,60,5146,1532,7844,3830,450,1258,72,74,16.8,20,7832,71,0
University of Sci. and Arts of Oklahoma,285,280,208,21,43,1140,473,3687,1920,600,1800,67,77,23.6,3,3864,43,0
Allegheny College,2652,1900,484,44,77,1707,44,17080,4440,400,600,73,91,9.9,41,11711,76,1
Polytechnic University,1132,847,302,58,89,1379,214,16200,4200,436,2486,90,90,10.4,14,14329,62,1
Worcester State College,2197,1515,543,4,26,3089,2029,6797,3900,500,1200,60,60,21.0,14,4469,40,0
Georgia State University,3793,2341,1238,9,24,7732,9054,6744,2655,720,3450,87,89,19.0,10,7762,34,0
Southwest State University,1047,938,511,13,33,2091,546,4285,2750,600,1800,58,75,16.5,31,6591,51,0
DePauw University,1994,1656,495,50,80,1983,36,14300,5020,550,950,78,94,11.1,31,11525,82,1
Texas Christian University,4095,3079,1195,33,64,5064,660,8490,3320,650,2400,81,93,14.8,23,9158,64,1
Northwest Nazarene College,616,514,385,29,52,1115,60,9840,2820,450,822,59,59,14.8,20,6261,58,1
The Citadel,1500,1242,611,12,36,2024,292,7070,2439,400,779,95,94,17.1,17,7744,84,0
Mercer University,2286,1668,564,37,70,2943,1260,11985,4081,400,1500,93,95,9.2,15,8995,91,1
Saint Anselm College,2095,1553,514,15,40,1873,94,12950,5400,450,1120,70,82,14.5,29,6719,97,1
Wisconsin Lutheran College,152,128,75,17,41,282,22,9100,3700,500,1400,48,48,8.5,26,8960,50,1
Emporia State University,1256,1256,853,43,79,3957,588,5401,3144,450,1888,72,75,19.3,4,5527,50,0
Franciscan University of Steubenville,553,452,228,22,49,1301,242,9650,4400,600,1000,57,69,14.9,8,6336,83,1
University of Virginia,15849,5384,2678,74,95,11278,114,12212,3792,500,1000,90,92,9.5,22,13597,95,0
University of South Carolina at Columbia,7693,5815,2328,30,66,12594,3661,8074,3522,495,2941,84,88,16.9,18,8246,63,0
Williams College,4186,1245,526,81,96,1988,29,19629,5790,500,1200,94,99,9.0,64,22014,99,1
Cedarville College,1307,1090,616,25,55,2196,82,7344,4410,570,1000,50,52,15.3,34,6897,64,1
University of Scranton,4471,2942,910,29,60,3674,493,11584,5986,650,800,83,83,14.1,41,9131,92,1
Missouri Southern State College,1576,1326,913,13,50,3689,2200,3840,2852,200,400,52,54,20.3,9,4172,100,0
Aquinas College,619,516,219,20,51,1251,767,11208,4124,350,1615,55,65,12.7,25,6584,65,1
St. Thomas Aquinas College,861,609,215,10,27,1117,815,8650,5700,500,1750,69,73,16.1,13,6534,67,1
Marymount College Tarrytown,478,327,117,9,34,731,370,11510,6450,575,1075,71,93,10.3,30,10502,77,1
Seton Hall University,4576,3565,1000,16,36,4384,1530,12000,6484,650,1000,81,84,14.4,15,10080,64,1
University of St. Thomas TX,374,280,185,45,77,995,408,8550,4050,500,1344,75,75,12.6,17,7237,62,1
Trenton State College,5042,2312,944,55,94,5167,902,5391,5411,700,1000,81,87,14.4,6,8504,81,0
Carroll College,1160,991,352,19,55,1357,737,12200,3880,480,930,74,81,17.8,25,7666,79,1
Bethany College,878,816,200,16,41,706,62,8740,3363,550,1700,62,68,11.6,29,7718,48,1
Tri-State University,1262,1102,276,14,40,978,98,9456,4350,468,1323,53,53,12.8,24,7603,65,1
SUNY College at Buffalo,5318,3515,1025,8,29,7626,2091,6550,4040,550,1230,71,78,18.7,12,7511,42,0
Graceland College,555,414,242,14,41,996,2281,9100,3100,550,880,51,61,23.6,24,5609,47,1
Talladega College,4414,1500,335,30,60,908,119,5666,2964,1000,1400,56,58,15.5,7,5970,46,1
Westminster College MO,662,553,184,20,43,665,37,10720,4050,600,1650,66,70,12.5,20,7925,62,1
Assumption College,2135,1700,491,23,59,1708,689,12000,5920,500,500,93,93,13.8,30,7100,88,1
Reed College,1966,1436,327,47,80,1199,61,19960,5490,500,450,90,90,11.8,37,15886,68,1
Viterbo College,647,518,271,17,43,1014,387,9140,3365,500,2245,51,65,10.7,31,8050,73,1
Saint Ambrose University,897,718,276,12,48,1345,390,10450,4020,500,1500,56,56,14.1,16,7444,70,1
University of Northern Colorado,5530,4007,1697,12,37,8463,1498,7731,4128,540,2286,75,75,21.5,8,6309,40,0
Colby College,2848,1319,456,58,84,1720,35,18930,5590,500,1000,83,94,10.2,41,15954,91,1
Cedar Crest College,776,607,198,25,58,791,764,14340,5285,500,1000,58,83,11.7,39,10961,74,1
Emory & Henry College,765,646,226,30,60,809,32,8578,4408,700,1600,79,88,13.9,51,8061,82,1
Vassar College,3550,1877,653,53,87,2164,77,18920,5950,600,800,90,98,9.7,39,17089,90,1
Trinity University,2425,1818,601,62,93,2110,95,12240,5150,500,490,94,96,9.6,20,14703,93,1
Point Park College,875,744,207,7,38,1173,1402,9700,4830,400,1200,45,90,14.5,10,7652,66,1
Columbia University,6756,1930,871,78,96,3376,55,18624,6664,550,300,97,98,5.9,21,30639,99,1
University of Montevallo,1351,892,570,18,78,2385,331,4440,3030,300,600,72,72,18.9,8,5883,51,0
University of Puget Sound,4044,2826,688,51,83,2738,138,16230,4500,630,1800,79,86,15.0,17,11217,63,1
Carnegie Mellon University,8728,5201,1191,60,89,4265,291,17900,5690,450,1250,86,93,9.2,31,24386,74,1
North Carolina State University at Raleigh,10634,7064,3176,39,78,16505,5481,8400,6540,600,1300,92,98,17.5,21,9670,62,0
Illinois Wesleyan University,3050,1342,471,55,86,1818,23,14360,4090,400,650,77,92,12.9,34,9605,83,1
Bowling Green State University,9251,7333,3076,14,45,13699,1213,7452,3352,600,1700,81,89,21.1,14,6918,67,0
Rutgers State University at Camden,3366,1752,232,27,79,2585,1300,7411,4748,690,2009,90,95,18.6,12,10134,57,0
Tennessee Wesleyan College,232,182,99,7,29,402,237,7070,3640,400,3158,59,65,8.9,16,6286,36,1
California State University at Fresno,4540,3294,1483,5,60,13494,1254,7706,4368,600,1926,90,90,21.2,8,7268,61,0
College of Notre Dame of Maryland,457,356,177,35,61,667,1983,11180,5620,600,700,64,64,11.5,32,7477,75,1
Briar Cliff College,392,351,155,16,44,738,430,10260,3597,600,1500,39,66,13.1,26,8355,58,1
SUNY College  at Brockport,7294,3564,904,7,34,5758,1363,6550,4460,500,705,79,83,19.0,14,6632,49,0
College of Charleston,4772,3140,1265,22,55,6851,1200,6120,3460,666,2316,73,78,17.2,18,4776,51,0
University of Chicago,6348,2999,922,68,94,3340,39,18930,6380,500,1254,99,99,5.3,36,36854,90,1
George Washington University,7875,5062,1492,38,71,5471,1470,17450,6328,700,950,92,93,7.6,15,14745,72,1
Willamette University,1658,1327,395,49,80,1595,159,14800,4620,400,790,91,94,13.3,37,10779,68,1
Mount Saint Mary's College,1321,1159,328,15,36,1243,79,12850,6200,550,900,77,82,12.8,36,8536,80,1
Lehigh University,6397,4304,1092,40,84,4298,132,18700,5580,750,1130,96,99,12.5,43,14665,91,1
Johnson State College,833,669,279,3,13,1224,345,7656,4690,500,624,80,91,14.4,15,6564,36,0
Milligan College,610,461,189,26,52,685,49,8200,3300,550,1000,63,69,12.0,16,8128,64,1
Nazareth College of Rochester,947,798,266,36,68,1274,471,10850,5150,550,800,77,93,13.6,24,8797,61,1
Jamestown College,472,410,262,14,41,9950,71,7620,3050,400,400,51,53,17.0,21,3186,54,1
Mount St. Mary's College,657,537,113,37,90,1039,466,12474,5678,630,1278,53,71,11.9,19,10613,72,1
Hendrix College,823,721,274,52,87,954,6,8800,3195,500,1200,82,99,13.1,26,8588,63,1
Bethel College,502,384,104,11,28,347,74,6200,2900,600,800,63,63,11.7,13,7623,35,1
SUNY at Binghamton,14463,6166,1757,60,94,8544,671,6550,4598,700,1000,83,100,18.0,15,8055,80,0
University of North Florida,1800,1253,560,44,85,3876,3588,6634,4360,600,2604,82,85,17.8,14,6104,47,0
University of Rhode Island,9643,7751,1968,12,40,8894,2456,10330,5558,500,1250,84,89,16.6,7,9158,63,0
McPherson College,420,293,93,11,32,336,80,7950,3750,600,2740,54,54,9.8,45,9754,48,1
Tiffin University,845,734,254,5,21,662,351,7600,3800,600,1200,59,74,19.0,40,5096,39,1
Campbellsville College,848,587,298,25,55,935,184,6060,3070,600,1300,62,66,17.7,13,5391,49,1
George Fox College,809,726,294,27,52,1271,43,12500,4130,400,1050,53,53,13.5,22,7136,52,1
Lander University,1166,1009,510,9,33,2074,341,4938,2987,528,1702,67,77,17.0,11,6119,51,0
William Woods University,469,435,227,17,39,851,120,10535,4365,550,3700,39,66,12.9,16,7438,52,1
Southwestern College,213,155,75,28,66,504,147,7200,3532,550,1500,56,56,11.8,12,7818,52,1
McKendree College,1002,555,119,16,43,836,684,7680,3740,500,800,70,74,17.7,21,6652,52,1
Catholic University of America,1754,1465,505,24,49,2159,211,13712,6408,526,1100,90,96,9.3,18,12751,75,1
Montclair State University,5220,2128,865,19,53,6411,3186,3648,4834,700,950,82,87,21.5,9,6717,58,0
Hillsdale College,920,745,347,35,66,1133,42,11090,4700,400,750,80,80,12.0,31,12639,79,1
Greensboro College,608,494,176,10,31,649,314,8330,3770,550,1300,64,80,13.0,31,7949,39,1
Southwest Baptist University,1093,1093,642,12,32,1770,967,7070,2500,400,1000,52,54,15.9,13,4718,71,1
Radford University,5702,4894,1742,15,37,8077,472,6684,4110,500,900,73,83,19.6,9,4519,62,0
Appalachian State University,7313,4664,1910,20,63,9940,1035,6806,2540,96,2000,83,96,18.3,14,5854,70,0
Ursuline College,325,260,86,21,47,699,717,9600,4202,450,750,39,69,10.5,15,7164,68,1
Connecticut College,3035,1546,438,42,93,1630,232,18740,6300,600,500,86,95,10.7,40,14773,91,1
Regis College,427,385,143,18,38,581,533,12700,5800,450,700,81,85,10.3,37,11758,84,1
Salisbury State University,4216,2290,736,20,52,4296,1027,5130,4690,600,1450,73,75,17.9,18,5125,56,0
Stockton College of New Jersey,4019,1579,710,23,65,4365,765,3040,4351,711,1125,78,92,19.5,7,5599,64,0
University of Missouri at Rolla,1877,1826,823,49,77,3926,561,9057,3600,700,1435,88,88,14.4,23,9699,49,0
Benedictine College,632,620,222,14,24,702,501,9550,3850,350,250,64,84,14.1,18,5922,58,1
Purdue University at West Lafayette,21804,18744,5874,29,60,26213,4065,9556,3990,570,1060,86,86,18.2,15,8604,67,0
Piedmont College,663,562,127,20,40,641,63,5640,3620,600,750,89,89,13.2,17,7309,31,1
Goldey Beacom College,633,468,284,10,27,823,963,6120,2985,531,1830,25,25,27.6,4,6081,36,1
Francis Marion University,1801,1655,819,13,38,3224,436,5840,3138,400,2430,76,76,19.1,8,5039,43,0
Hampden - Sydney College,817,644,307,20,40,945,1,13218,4773,660,600,95,97,13.3,53,12263,69,1
McMurry University,578,411,187,25,50,880,477,6930,3452,400,1525,57,64,11.0,11,6383,32,1
Bryn Mawr College,1465,810,313,71,95,1088,16,18165,6750,500,1200,100,100,12.3,49,17449,89,1
Michigan State University,18114,15096,6180,23,57,26640,4120,10658,3734,504,600,93,95,14.0,9,10520,71,0
Goshen College,440,396,221,26,51,910,166,9420,3730,600,1230,51,56,9.9,46,10270,72,1
Central Missouri State University,4681,4101,1436,10,35,8094,1596,4620,3288,300,2250,69,80,19.7,4,5501,50,0
Huntingdon College,608,520,127,26,47,538,126,8080,3920,500,1100,63,72,11.4,9,7703,44,1
University of Maryland at Baltimore County,4269,2594,985,27,57,6476,2592,8594,4408,494,2768,82,88,18.4,6,7618,55,0
Fayetteville State University,1455,1064,452,1,16,2632,617,6806,2550,350,766,75,75,15.1,10,6972,24,0
Saint Xavier University,785,647,295,15,65,1670,726,10860,4624,600,794,87,100,13.7,15,8953,55,1
Harvard University,13865,2165,1606,90,100,6862,320,18485,6410,500,1920,97,97,9.9,52,37219,100,1
Sioux Falls College,437,400,211,13,35,614,271,8990,3064,500,1700,73,73,14.8,7,7881,48,1
Lamar University,2336,1725,1043,10,27,5438,4058,4752,3040,508,1463,48,82,18.4,12,5879,26,0
Mankato State University,3073,2672,1547,9,29,9649,1792,4300,2643,450,1660,57,68,19.0,11,5801,68,0
Agnes Scott College,417,349,137,60,89,510,63,12960,5450,450,875,92,97,7.7,37,19016,59,1
Southwestern University,1244,912,352,44,77,1177,43,11850,4675,600,1050,83,89,11.3,35,12995,67,1
Virginia Commonwealth University,4963,3497,1567,18,45,10262,5065,10217,4182,500,3630,81,87,8.7,11,11183,45,0
Rocky Mountain College,560,392,270,11,31,743,118,8734,3362,600,625,56,78,11.3,27,6422,68,1
University of Indianapolis,1487,1276,388,26,51,1417,1646,11120,4080,525,1405,55,56,11.1,23,6735,69,1
Mount Saint Clare College,325,284,95,16,33,364,88,9900,3650,500,1200,32,37,13.6,43,6525,21,1
Salem College,335,284,132,28,69,534,216,10475,6300,500,2000,68,68,11.2,46,9599,60,1
Castleton State College,1257,940,363,9,22,1547,294,7656,4690,400,700,89,91,14.7,8,6318,79,0
Western Carolina University,3224,2519,1057,11,31,5000,706,6390,2380,110,1622,67,78,14.6,9,6554,55,0
SUNY College at New Paltz,8399,3609,656,19,53,4658,1478,6550,4240,550,1500,85,93,15.3,8,6608,53,0
Washington University,7654,5259,1254,62,93,4879,1274,18350,5775,768,1512,91,98,3.9,31,45702,90,1
Moravian College,1232,955,303,23,58,1241,485,14990,4730,550,1250,86,92,15.2,28,9566,74,1
University of Texas at Austin,14752,9572,5329,48,85,30017,5189,5130,3309,650,3140,91,99,19.7,11,7837,65,0
College of the Holy Cross,2994,1691,659,70,95,2675,22,18000,6300,400,900,92,96,11.3,55,12138,95,1
Gannon University,2464,1908,678,24,57,2693,691,10970,4280,500,1380,47,51,13.3,18,7711,65,1
Bennington College,519,327,114,25,53,457,2,21700,4100,600,500,35,59,10.1,33,16364,55,1
University of Texas at San Antonio,4217,3100,1686,17,46,9375,5457,4104,5376,452,1200,94,100,25.3,3,4329,50,0
Vanderbilt University,7791,4690,1499,71,92,5500,90,17865,6525,630,952,93,98,5.8,26,23850,83,1
Missouri Valley College,1310,983,316,5,35,1057,175,8550,5050,400,900,35,67,17.4,16,4333,27,1
Iona College,4892,3530,913,13,33,3906,1446,10690,6790,570,1150,66,83,16.0,14,8107,66,1
Washington and Lee University,3315,1096,425,68,93,1584,3,13750,4619,680,1115,81,96,9.6,45,15736,90,1
Saint Mary's College of Minnesota,876,802,367,14,35,1263,118,10800,3600,400,820,68,74,18.8,19,5081,78,1
Alfred University,1732,1425,472,37,75,1830,110,16548,5406,500,600,82,88,11.3,31,10932,73,1
Spelman College,3713,1237,443,47,83,1971,107,7000,5565,660,2400,73,80,12.5,18,9988,65,1
Northern Arizona University,5891,4931,1973,23,48,11249,2682,6746,3728,620,2342,78,83,21.7,7,6157,41,0
Saint Mary's College,888,734,393,26,60,1433,27,12730,4514,500,1525,74,95,9.9,31,11165,98,1
Westminster College of Salt Lake City,917,720,213,21,60,979,743,8820,4050,600,2025,68,83,10.5,34,7170,50,1
Upper Iowa University,663,452,192,10,35,1481,1160,8840,3060,500,1000,69,75,17.4,19,3733,78,1
West Chester University of Penn.,6502,3539,1372,11,51,7484,1904,7844,4108,400,2000,76,79,15.3,16,6773,52,0
University of Pittsburgh-Main Campus,8586,6383,2503,25,59,13138,4289,10786,4560,400,900,93,93,7.8,10,13789,66,0
Quincy University,1025,707,297,22,66,1070,72,10100,4140,450,1080,69,71,16.3,32,6880,80,1
Florida State University,11651,8683,3023,50,90,18906,3242,6680,4060,600,1020,80,89,23.1,15,7250,58,0
Indiana State University,5659,4761,3147,10,31,8596,1949,6892,3706,600,2500,72,76,16.6,8,6996,40,0
Colorado College,3207,1577,490,56,87,1892,7,17142,4190,450,1200,85,97,11.3,51,14664,84,1
Merrimack College,1981,1541,514,18,36,1927,1084,12500,6200,375,1000,73,75,16.8,22,8707,80,1
University of Louisville,4777,3057,1823,16,33,9844,6198,6540,3600,530,2440,84,92,11.1,24,10207,31,0
Sarah Lawrence College,1380,768,263,57,82,1000,105,19300,6694,600,700,89,93,6.1,18,14779,83,1
LaGrange College,544,399,177,15,35,600,363,6987,3585,750,1500,77,83,12.5,12,9067,75,1
Wingate College,1239,1017,383,10,34,1207,157,7820,3400,550,1550,69,81,13.9,8,7264,91,1
Loyola Marymount University,3768,2662,753,42,64,3558,436,13592,5916,545,1328,84,88,14.2,10,11677,84,1
Western Michigan University,9167,7191,2738,24,53,15739,4278,6940,4100,500,1700,80,84,24.7,11,5983,55,0
Muskingum College,1109,922,375,24,46,1115,70,13240,3914,600,800,73,85,13.4,27,9333,73,1
Wells College,318,240,130,40,85,416,19,14900,5550,600,500,93,98,8.3,42,13935,69,1
Loyola University Chicago,3579,2959,868,25,55,5244,3417,11500,5330,700,2000,94,95,6.2,15,13009,65,1
King's College,1456,1053,381,20,45,500,541,10910,5160,400,1795,66,72,15.6,37,7649,87,1
University of Denver,2974,2001,580,29,60,2666,554,15192,4695,400,1350,84,91,15.9,21,11762,67,1
Pace University,8256,3750,1522,37,70,5809,4379,11000,5160,660,1115,90,95,13.8,10,10059,62,1
Oklahoma State University,4522,3913,2181,29,57,12830,1658,5336,3344,800,3100,84,92,15.3,14,6433,48,0
Seton Hill College,936,794,197,24,56,752,210,11240,4180,350,2000,71,71,11.2,37,10065,71,1
Johns Hopkins University,8474,3446,911,75,94,3566,1569,18800,6740,500,1040,96,97,3.3,38,56233,90,1
Centenary College of Louisiana,495,434,210,35,55,775,44,8950,3490,600,1900,86,92,11.3,25,9685,66,1
University of South Florida,7589,4676,1876,29,63,14770,10962,6760,3776,500,2180,84,89,17.0,7,11020,47,0
Susquehanna University,2096,1512,465,27,59,1442,166,16130,4710,400,800,83,86,13.9,37,10554,90,1
Huron University,600,197,124,3,9,392,69,7260,3090,600,1840,31,35,12.9,4,9249,21,1
Guilford College,1202,1054,326,18,44,1410,299,13404,5160,450,1050,78,86,15.6,30,9114,65,1
Prairie View A. and M. University,2405,2234,1061,10,22,4564,448,4290,3500,598,1582,55,93,19.4,1,5967,35,0
Saint Peter's College,1606,1413,530,23,38,1921,1154,9408,5520,500,450,78,78,12.1,22,7669,53,1
Central Wesleyan College,174,146,88,8,29,1047,33,8300,3080,600,600,62,62,15.2,18,3365,58,1
Marist College,4731,3171,830,12,31,3557,658,10700,5925,550,1200,74,81,17.6,34,8408,69,1
University of Florida,12445,8836,3623,54,85,24470,3286,7090,4180,630,1530,88,97,13.4,20,14737,66,0
Wentworth Institute of Technology,1480,1257,452,6,25,2961,572,9850,6050,850,920,10,68,15.4,8,17858,64,1
Caldwell College,1011,604,213,17,42,693,868,8900,4600,425,1000,87,96,13.9,25,7922,55,1
University of Minnesota at Duluth,4192,3126,1656,15,45,5887,1254,8828,3474,753,2610,79,91,19.0,11,6393,53,0
Indiana Wesleyan University,735,423,366,20,48,2448,707,9210,3782,700,1000,49,51,39.8,15,6562,34,1
Hartwick College,2083,1725,430,22,49,1464,67,17480,4780,500,700,75,87,12.3,32,11625,73,1
Stetson University,1557,1227,489,37,69,1964,81,12315,4565,600,1365,85,90,12.5,24,10307,73,1
Northeastern University,11901,8492,2517,16,42,11160,10221,13380,7425,600,1750,73,82,12.9,17,9563,46,1
Boston University,20192,13007,3810,45,80,14971,3113,18420,6810,475,1025,80,81,11.9,16,16836,72,1
Millikin University,1444,1261,456,29,62,1788,95,11910,4378,450,965,60,77,11.4,25,8149,75,1
College of St. Scholastica,672,596,278,29,60,1350,275,11844,3696,450,1146,54,76,11.6,33,8996,72,1
Salem-Teikyo University,489,384,120,23,52,700,45,10575,3952,400,620,46,24,13.0,9,8946,98,1
University of Illinois - Urbana,14939,11652,5705,52,88,25422,911,7560,4574,500,1982,87,90,17.4,13,8559,81,0
Berry College,1858,1221,480,37,68,1620,49,8050,3940,350,2375,80,80,16.3,17,10511,63,1
Beaver College,1163,850,348,23,56,878,519,12850,5400,400,800,78,89,12.2,30,8954,73,1
Rockhurst College,935,858,345,22,50,1127,754,9490,4100,500,1500,60,79,10.7,21,7519,79,1
Albertson College,587,479,158,38,62,678,41,13500,3335,500,675,67,73,9.4,11,9727,55,1
Christendom College,81,72,51,33,71,139,3,8730,3600,400,800,92,92,9.3,17,10922,58,1
Ursinus College,1399,1026,308,44,77,1131,17,14900,5160,500,800,82,85,11.6,40,12082,79,1
Webster University,665,462,226,17,44,1739,1550,9160,4340,500,500,68,68,20.6,14,6951,48,1
Lincoln University,1660,1091,326,15,41,1196,33,4818,3400,350,1400,71,72,12.6,8,10912,45,0
Whitworth College,1121,926,372,43,70,1270,160,12660,4500,678,2424,80,80,16.9,20,8328,80,1
Xavier University of Louisiana,2097,1915,695,34,61,2793,166,6900,4200,617,781,67,75,14.4,20,8323,49,1
University of Missouri at Saint Louis,1618,1141,479,18,54,4793,4552,7246,3964,500,4288,71,73,13.4,15,6433,48,0
St. Norbert College,1334,1243,568,30,56,1946,95,12140,4450,425,1100,74,78,15.1,36,8595,88,1
Mount Mercy College,368,317,159,20,49,806,542,10500,3555,500,2285,44,50,11.3,30,6695,64,1
Cabrini College,599,494,224,8,28,1035,446,10518,6250,300,300,59,76,16.5,36,7117,71,1
Tuskegee University,2267,1827,611,20,59,2825,144,6735,3395,600,1425,70,74,12.2,7,10872,65,1
Sweet Briar College,462,402,146,36,68,527,41,14500,6000,500,600,91,99,6.5,48,18953,61,1
Manchester College,1004,802,239,23,63,909,51,10440,3850,525,1450,63,72,11.8,20,7940,64,1
Siena Heights College,464,419,183,10,31,686,287,9240,3880,475,1090,29,49,7.2,17,9431,47,1
